anhui,china
beijing,china
chongqing,china
fujian,china
gansu,china
guangdong,china
guangxi,china
guizhou,china
hainan,china
hebei,china
heilongjiang,china
henan,china
hubei,china
hunan,china
neimenggu,china
jiangsu,china
jiangxi,china
jilin,china
liaoning,china
macau,china
ningxia,china
qinghai,china
shaanxi,china
shandong,china
shanghai,china
shanxi,china
sichuan,china
tianjin,china
xinjiang,china
xizang,china
yunnan,china
zhejiang,china
Alabama,na
Alaska,na
Arizona,na
Arkansas,na
California,na
Colorado,na
Connecticut,na
Delaware,na
Florida,na
Georgia usa,na
Hawaii,na
Idaho,na
Illinois,na
Indiana,na
Iowa,na
Kansas,na
Kentucky,na
Louisiana,na
Maine,na
Maryland,na
Massachusetts,na
Michigan,na
Minnesota,na
Mississippi,na
Missouri,na
Montana,na
Nebraska,na
Nevada,na
New Hampshire,na
New Jersey,na
New Mexico,na
New York,na
North Carolina,na
North Dakota,na
Ohio,na
Oklahoma,na
Oregon,na
Pennsylvania,na
Rhode Island,na
South Carolina,na
South Dakota,na
Tennessee,na
Texas,na
Utah,na
Vermont,na
Virginia,na
Washington,na
West Virginia,na
Wisconsin,na
Wyoming,na
district of columbia,na
puerto rico,na
guam,na
ontario,na
quebec,na
nova scotia,na
new brunswick,na
manitoba,na
british columbia,na
prince edward island,na
saskatchewan,na
alberta,na
newfoundland and labrador,na
united arab,united arab emirates
hongkong,hong kong
u.s. virgin islands,na